ESPÉCIE DE DÉBITO DETALHADA,ESPÉCIE,IDADE DA DÍVIDA,SALDO INICIAL DO PROCESSO,SALDO PROCESSO,VALOR RECOLHIMENTO PROCESSO,FAIXA DE RECOLHIMENTO,TAXA DE RECOLHIMENTO,PERÍODO DA DÍVIDA,PERIODO BAIXADO,SITUAÇÃO DO SALDO,INDICADOR DE PF OU PJ,SEGMENTO CONTRIBUINTE,QTDE. ANOS DO ESGOTAMENTO,ULTIMA ARRECADACAO,RATING
5,2,1,2509.09,2705.02,0.0,0,0.0,0,0,0,0,10,0,0.0,2
5,2,1,778.05,816.9599999999999,0.0,0,0.0,0,0,0,0,10,0,0.0,2
9,1,7,71055.55,157247.5,22566.64,2,0.3175915181854197,1,0,0,1,17,18,0.0,1
5,2,4,1481.37,284.42,0.0,0,0.0,0,0,0,0,10,0,0.0,3
5,2,1,0.0,421.65,0.0,0,0.0,0,0,0,0,10,0,0.0,2
4,1,3,892.27,922.94,275.9,2,0.3092113373754581,0,2,2,1,12,2,0.0,1
11,3,7,7203.5,9992.68,4054.1366,1,0.5628009439855626,1,0,2,1,9,12,0.0,0
5,2,1,0.0,778.05,0.0,0,0.0,0,0,0,0,10,0,0.0,2
4,1,3,371.29,396.26,101.91,2,0.2744754773896415,0,2,2,1,7,12,0.0,1
6,1,1,907.6,888.3,0.0,0,0.0,0,0,0,1,0,0,22192.14,1
9,1,2,5035.08,5880.98,0.0,0,0.0,0,0,0,1,17,2,2096.13,1
5,2,1,3119.16,3368.62,0.0,0,0.0,0,0,0,0,10,0,0.0,2
5,2,4,1626.56,1537.86,371.67,2,0.2285006393861893,0,0,2,0,10,2,0.0,1
9,1,17,7916.84,29500.92,3212.21,2,0.4057439584480677,1,1,0,1,1,9,0.0,1
5,2,3,1887.8,613.99,0.0,0,0.0,0,0,0,0,10,0,0.0,3
4,1,10,1919.41,1052.85,1695.69,1,0.8834433497793592,1,1,2,1,17,18,0.0,0
9,1,3,0.0,10455.57,0.0,0,0.0,0,0,1,1,17,0,0.0,0
5,2,5,803.78,649.9499999999998,364.11,2,0.4529970887556296,0,0,2,0,10,12,1643.6,1
9,1,12,8205.99,13323.42,4202.75,1,0.5121563638269118,1,1,2,1,17,20,0.0,0
9,1,2,89895.91,97238.75,0.0,0,0.0,0,0,0,1,17,1,0.0,1
5,2,1,2869.63,3093.98,0.0,0,0.0,0,0,0,0,10,0,0.0,2
9,1,1,5292.41,5780.219999999998,2848.02,1,0.5381329110934339,0,0,0,1,12,1,0.0,0
5,2,1,3596.51,3881.44,0.0,0,0.0,0,0,0,1,10,0,377294.55,2
6,1,1,349.33,385.14,0.0,0,0.0,0,0,0,1,17,0,0.0,1
5,2,3,1864.84,606.4,0.0,0,0.0,0,0,0,0,10,0,2264.1,3
5,2,3,2033.92,818.5500000000002,346.36,3,0.1702918502202643,0,0,1,0,10,0,0.0,0
4,1,2,49003.60000000001,66763.8,0.0,0,0.0,0,0,0,1,17,0,2866.22,1
4,1,10,1676.95,2417.94,422.96,2,0.2522198038104893,1,1,2,1,17,21,0.0,1
5,2,1,778.05,816.9599999999999,0.0,0,0.0,0,0,0,1,10,0,72789.3,2
6,1,8,33170.76,72274.15000000001,0.0,0,0.0,1,1,0,1,13,0,0.0,3
5,2,4,458.83,221.96,0.0,0,0.0,0,0,0,0,10,0,0.0,3
5,2,1,2957.61,3196.62,0.0,0,0.0,0,0,0,0,10,0,155.19,2
9,1,5,14084.87,10458.86,655.44,0,0.04653504079199879,0,0,1,1,18,0,55015.69,0
4,1,3,4936.110000000001,6881.99,0.0,0,0.0,0,1,0,1,17,0,0.0,3
4,1,8,482.59,143.45,503.7427,1,1.043831616900474,1,0,2,1,17,1,9824.89,0
2,1,3,53762.93000000001,93587.43000000001,0.0,0,0.0,0,0,0,1,6,0,29400.08,2
9,1,1,1645.9,1866.43,0.0,0,0.0,0,0,0,1,7,2,1213.39,0
5,2,3,1104.05,353.24,0.0,0,0.0,0,0,0,0,10,0,167.87,3
5,2,1,964.45,1018.7,0.0,0,0.0,0,0,0,0,10,0,0.0,2
5,2,1,0.0,773.41,0.0,0,0.0,0,0,0,0,10,0,0.0,2
5,2,3,2388.25,1346.34,1212.92,1,0.5078697791269758,0,0,2,0,10,2,13336.63,0
6,1,8,4485.309999999999,3092.84,12370.4081,1,2.757982859601678,1,0,2,1,17,15,589979.97,0
5,2,1,0.0,596.95,0.0,0,0.0,0,0,0,0,10,0,0.0,2
5,2,1,0.0,773.41,0.0,0,0.0,0,0,0,0,10,0,0.0,2
8,0,10,7796.52,4125.57,10259.73,1,1.315937110403103,1,0,0,0,10,0,2014.34,0
5,2,3,1767.85,606.87,0.0,0,0.0,0,0,0,0,10,0,0.0,3
5,2,1,0.0,423.45,0.0,0,0.0,0,0,0,0,10,0,0.0,2
2,1,15,4236.67,12470.34,1800.93,2,0.4250814908878907,1,1,0,1,0,6,0.0,1
5,2,5,1897.4,373.15,0.0,0,0.0,0,0,0,0,10,0,0.0,3
6,1,2,17357.71,20534.32,0.0,0,0.0,0,0,0,1,15,0,41495.03,1
5,2,1,1530.3,1627.3,0.0,0,0.0,0,0,0,0,10,0,0.0,2
5,2,1,0.0,302.71,0.0,0,0.0,0,0,1,0,10,0,3200.51,0
6,1,9,6152.94,13273.67,4158.33,1,0.6758281406937171,1,2,0,1,12,20,0.0,0
5,2,1,1280.17,1361.56,0.0,0,0.0,0,0,0,0,10,0,1509.82,2
5,2,7,1038.31,795.5899999999999,683.3842,1,0.6581697180996041,1,0,2,0,10,12,0.0,0
6,1,5,15966.07,29848.91,0.0,0,0.0,0,0,0,1,17,0,4082.76,1
4,1,3,1050.29,1063.45,354.67,2,0.3376876862580812,0,0,2,1,17,2,662.06,1
5,2,1,0.0,421.65,0.0,0,0.0,0,0,0,0,10,0,138.05,2
8,0,12,329.22,1054.52,0.0,0,0.0,1,0,0,0,10,0,1726.56,3
9,1,1,0.0,1815.85,0.0,0,0.0,0,0,1,1,8,0,0.0,0
5,2,1,0.0,253.01,0.0,0,0.0,0,0,0,0,10,0,971.91,2
6,1,1,2458.99,2902.13,0.0,0,0.0,0,0,0,1,12,0,0.0,1
5,2,1,0.0,423.76,0.0,0,0.0,0,0,0,0,10,0,0.0,2
5,2,3,1870.33,587.35,0.0,0,0.0,0,0,0,0,10,0,2351.78,3
4,1,12,1470.84,1959.72,428.89,2,0.2915952788882543,1,1,2,1,17,3,0.0,1
5,2,1,0.0,421.65,0.0,0,0.0,0,0,0,0,10,0,0.0,2
9,1,14,2847.7,9422.23,4073.68,1,1.430515854900446,1,1,0,1,0,6,0.0,0
5,2,1,0.0,421.65,0.0,0,0.0,0,0,0,0,10,0,0.0,2
5,2,3,1887.8,604.41,0.0,0,0.0,0,0,0,0,10,0,0.0,3
8,0,7,2208.24,5927.0,0.0,0,0.0,1,0,0,0,10,0,0.0,3
5,2,3,1840.19,589.51,0.0,0,0.0,0,0,0,0,10,0,0.0,3
5,2,1,0.0,773.41,0.0,0,0.0,0,0,0,0,10,0,0.0,2
5,2,4,1023.52,221.63,0.0,0,0.0,0,0,0,0,10,0,0.0,3
5,2,4,1500.75,1223.35,983.94,1,0.655632183908046,0,0,2,0,10,15,0.0,0
9,1,10,11680.13,32965.18,2738.08,2,0.2344220483847354,1,1,0,1,17,3,0.0,1
6,1,9,3279.7,5690.6,315.47,3,0.0961886757935177,1,1,1,1,1,0,0.0,0
5,2,1,1281.66,1353.44,0.0,0,0.0,0,0,0,0,10,0,0.0,2
5,2,1,0.0,423.76,0.0,0,0.0,0,0,0,0,10,0,0.0,2
6,1,1,18109.39,14194.73,2206.39,3,0.1218367929565822,0,0,1,1,12,0,59281.9,0
5,2,1,1280.18,1361.57,0.0,0,0.0,0,0,0,0,10,0,0.0,2
9,1,4,8228.66,9097.87,2855.766,2,0.347051160213206,0,0,2,1,13,2,404.1,1
6,1,2,27581.07,34348.73,0.0,0,0.0,0,0,0,1,0,0,225.95,1
5,2,3,1862.67,613.97,0.0,0,0.0,0,0,0,0,10,0,0.0,3
5,2,1,0.0,423.45,0.0,0,0.0,0,0,0,0,10,0,0.0,2
5,2,1,778.05,816.9599999999999,0.0,0,0.0,0,0,0,0,10,0,0.0,2
5,2,12,594.2,964.35,0.0,0,0.0,1,0,0,0,10,0,1241.99,3
4,1,1,5424.389999999999,6288.28,0.0,0,0.0,0,0,0,1,17,0,0.0,1
5,2,7,3203.03,2345.41,2642.1191,1,0.8248811594021911,1,0,2,0,10,12,0.0,0
5,2,1,0.0,774.89,0.0,0,0.0,0,0,0,0,10,0,0.0,2
9,1,7,12851.13,29318.4,0.0,0,0.0,1,0,0,1,13,18,0.0,3
5,2,3,1870.33,587.34,0.0,0,0.0,0,0,0,0,10,0,0.0,3
5,2,1,0.0,423.76,0.0,0,0.0,0,0,0,0,10,0,0.0,2
11,3,6,77635.03,188837.63,0.0,0,0.0,0,0,0,1,17,0,305859.55,0
4,1,2,71.46,91.67,0.0,0,0.0,0,0,0,1,9,0,0.0,1
5,2,1,0.0,680.69,0.0,0,0.0,0,0,0,0,10,0,0.0,2
5,2,1,1280.18,1361.57,0.0,0,0.0,0,0,0,0,10,0,0.0,2
5,2,5,1701.84,399.88,1581.88,1,0.9295115874582806,0,0,2,0,10,15,937.11,0
5,2,3,811.93,363.99,0.0,0,0.0,0,0,0,0,10,0,144.39,3
5,2,1,0.0,192.71,0.0,0,0.0,0,0,0,0,10,0,0.0,2
4,1,3,7568.78,10321.35,307.95,0,0.04068687423864877,0,0,2,1,13,12,0.0,1
8,0,13,626.82,2126.48,0.0,0,0.0,1,0,0,0,10,0,1242.3,3
5,2,3,815.1199999999999,604.39,0.0,0,0.0,0,0,0,0,10,0,0.0,3
5,2,1,0.0,773.41,0.0,0,0.0,0,0,0,0,10,0,0.0,2
5,2,1,0.0,773.41,0.0,0,0.0,0,0,0,0,10,0,0.0,2
2,1,11,23023.06,52800.08,24348.81,1,1.057583570559257,1,1,2,1,9,18,0.0,0
9,1,16,1298.48,4824.46,358.98,2,0.2764617090752265,1,1,2,1,13,1,386.79,1
5,2,1,0.0,421.65,0.0,0,0.0,0,0,0,0,10,0,0.0,2
5,2,1,0.0,192.01,0.0,0,0.0,0,0,1,0,10,0,0.0,0
5,2,1,0.0,423.45,0.0,0,0.0,0,0,0,0,10,0,0.0,2
4,1,4,3743.2,2799.74,1955.97,1,0.5225395383628981,0,0,2,1,18,12,7123.74,0
9,1,20,1703.78,5144.88,627.34,2,0.3682048151756682,1,1,2,1,17,7,0.0,1
6,1,5,62325.58,12348.36,95271.07,1,1.528603023028426,0,0,1,1,11,0,837461.92,0
6,1,9,14840.91,16463.41,6216.36,2,0.4188664980786219,1,1,2,1,15,18,3282.85,1
5,2,4,1087.53,214.63,0.0,0,0.0,0,0,0,0,10,0,0.0,3
5,2,7,6366.42,754.14,6468.4239,1,1.016022175728274,1,0,2,0,10,18,1878.62,0
6,1,18,2230.9,6001.89,0.0,0,0.0,1,1,0,1,17,0,0.0,2
9,1,3,27151.3,29979.86,0.0,0,0.0,0,0,0,1,17,2,11013.52,0
5,2,1,2550.66,2749.78,0.0,0,0.0,0,0,0,0,10,0,0.0,2
4,1,3,3567.51,2506.7,2113.8,1,0.5925141064776274,0,0,2,1,17,1,16563.71,0
5,2,1,778.05,816.9599999999999,0.0,0,0.0,0,0,0,0,10,0,0.0,2
2,1,17,1188.26,4507.5,0.0,0,0.0,1,1,0,1,8,0,0.0,3
5,2,3,1849.54,605.75,0.0,0,0.0,0,0,0,0,10,0,0.0,3
5,2,3,15994.64,13111.1,3264.724,2,0.2041136280654019,0,0,2,0,10,12,1975.5,1
5,2,1,0.0,423.76,0.0,0,0.0,0,0,0,0,10,0,0.0,2
11,3,5,2533.08,2904.359999999999,1485.5398,1,0.586455935067191,0,0,2,1,9,16,0.0,0
4,1,3,1616.44,1735.93,438.75,2,0.2714298087154488,0,0,2,1,9,2,1288.01,1
2,1,9,24062.77,20520.96,26385.95,1,1.096546656931018,1,1,1,1,17,0,9035.78,0
6,1,7,25479.16,15278.87,9856.42,2,0.386842423376595,1,0,1,1,17,0,184205.05,0
5,2,1,0.0,1051.52,0.0,0,0.0,0,0,1,0,10,0,1042.94,0
9,1,2,10651.01,8116.35,5536.67,1,0.5198258193354433,0,0,1,1,17,0,28936.05,0
5,2,3,1870.33,604.84,0.0,0,0.0,0,0,0,0,10,0,1196.22,3
5,2,4,1065.27,228.71,0.0,0,0.0,0,0,0,0,10,0,0.0,3
9,1,2,706.94,782.54,0.0,0,0.0,0,0,0,1,18,1,0.0,1
5,2,4,1372.39,1571.5,0.0,0,0.0,0,0,0,0,10,0,0.0,3
5,2,3,1409.03,627.29,0.0,0,0.0,0,0,0,0,10,0,0.0,3
9,1,9,762.03,1693.64,194.24,2,0.2548981011246277,1,0,2,1,8,1,405.97,1
9,1,17,414.78,1551.03,196.5,2,0.4737451178938233,1,1,0,1,6,10,0.0,1
5,2,1,778.05,816.9599999999999,0.0,0,0.0,0,0,0,0,10,0,786.77,2
5,2,1,0.0,773.41,0.0,0,0.0,0,0,0,0,10,0,0.0,2
4,1,3,338.87,481.5,0.0,0,0.0,0,0,0,1,1,0,6939.34,1
5,2,1,0.0,120.59,0.0,0,0.0,0,0,1,0,10,0,0.0,0
9,1,7,3305.35,7321.23,873.8064,2,0.264361232547234,1,1,2,1,17,2,0.0,1
4,1,1,1942.96,2356.49,0.0,0,0.0,0,2,0,1,1,0,11604.43,1
5,2,1,0.0,778.05,0.0,0,0.0,0,0,0,0,10,0,0.0,2
9,1,13,4693.64,8383.9,2215.85,2,0.472096283481477,1,1,2,1,6,3,0.0,1
6,1,1,29330.17,30984.18,0.0,0,0.0,0,0,0,1,12,0,2234.59,0
9,1,13,1647.2,5281.34,171.31,3,0.104000728508985,1,1,0,1,1,6,0.0,2
5,2,11,3157.8,1836.51,952.66,2,0.3016847172081829,1,0,1,0,10,0,2194.36,0
6,1,9,5271.72,3824.23,3365.47,1,0.6384007496604525,1,1,2,1,17,17,0.0,0
5,2,3,797.31,254.37,196.48,2,0.2464286162220466,0,0,1,0,10,0,0.0,0
5,2,3,1870.33,604.84,0.0,0,0.0,0,0,0,0,10,0,0.0,3
4,1,12,11849.1,8921.07,7555.31,1,0.6376273303457647,1,1,2,1,15,21,18274.67,0
5,2,3,1557.62,1538.19,0.0,0,0.0,0,0,0,0,10,0,0.0,3
2,1,15,14831.24,42446.92,3555.02,2,0.2396980967201663,1,1,2,1,18,21,0.0,0
6,1,2,1064.2,726.09,556.42,1,0.5228528472091711,0,0,1,1,12,0,12586.95,0
9,1,8,3788.99,4014.5,3455.46,1,0.9119739033357174,1,0,1,1,13,0,15008.43,0
2,1,7,6199.55,16721.98,0.0,0,0.0,1,1,0,1,11,0,0.0,3
5,2,1,1381.17,1468.87,0.0,0,0.0,0,0,0,1,10,0,377294.55,2
9,1,14,1856.59,5321.39,371.7,2,0.2002057535589441,1,1,2,1,12,5,0.0,1
5,2,11,2165.63,3741.56,0.0,0,0.0,1,0,0,0,10,0,0.0,3
4,1,1,2114.49,509.89,1486.66,1,0.7030820670705465,0,0,1,1,18,0,4114.08,0
5,2,4,4838.93,917.46,0.0,0,0.0,0,0,0,0,10,0,0.0,3
9,1,6,7786.97,7479.05,4938.02,1,0.6341388242153239,0,0,2,1,1,12,12141.03,0
9,1,13,15200.62,37368.19,4596.02,2,0.302357403842738,1,1,2,1,6,21,0.0,1
5,2,1,0.0,773.41,0.0,0,0.0,0,0,0,0,10,0,0.0,2
5,2,1,1280.18,1361.57,0.0,0,0.0,0,0,0,0,10,0,5815.75,2
9,1,7,13399.02,9254.24,580.86,0,0.0433509316352987,1,0,1,1,18,0,109922.28,0
5,2,1,0.0,1923.96,0.0,0,0.0,0,0,0,0,10,0,9277.94,2
4,1,1,4010.899999999999,3627.850000000001,1227.77,2,0.3061083547333516,0,0,2,1,13,1,25477.84,1
9,1,2,79349.57,86219.09,0.0,0,0.0,0,0,0,1,1,1,641434.73,1
6,1,3,6387.23,5024.92,2776.16,2,0.434642247108684,0,0,2,1,17,1,9824.89,1
5,2,1,962.9,1017.08,0.0,0,0.0,0,0,0,0,10,0,0.0,2
5,2,1,1280.18,1361.57,0.0,0,0.0,0,0,0,0,10,0,0.0,2
6,1,1,8521.029999999999,9624.68,0.0,0,0.0,0,0,0,1,7,0,0.0,1
5,2,3,3240.55,606.88,0.0,0,0.0,0,0,0,0,10,0,448.98,3
9,1,5,420.24,344.61,169.6,2,0.4035789072910718,0,0,2,1,17,1,22482.76,1
4,1,4,48007.00999999999,4082.92,54855.74,1,1.142661040543871,0,0,1,1,17,0,251590.17,0
5,2,1,0.0,777.43,0.0,0,0.0,0,0,0,0,10,0,0.0,2
5,2,4,1748.51,337.98,0.0,0,0.0,0,0,0,0,10,0,0.0,3
9,1,9,217.32,590.59,620.93,1,2.857215166574636,1,1,0,1,17,21,0.0,0
5,2,1,0.0,423.76,0.0,0,0.0,0,0,0,0,10,0,0.0,2
5,2,1,0.0,773.41,0.0,0,0.0,0,0,0,0,10,0,0.0,2
6,1,1,499.22,527.18,0.0,0,0.0,0,0,0,1,7,0,0.0,1
6,1,7,28968.98,63073.76,0.0,0,0.0,1,2,0,1,17,19,0.0,3
6,1,18,15481.4,37896.79,2560.99,3,0.1654236696939553,1,1,0,1,17,10,0.0,1
4,1,3,6462.46,4935.559999999999,3455.3758,1,0.5346842843127849,0,0,2,1,6,1,4277.52,0
5,2,1,0.0,421.65,0.0,0,0.0,0,0,0,0,10,0,0.0,2
5,2,1,1272.45,1353.43,0.0,0,0.0,0,0,0,0,10,0,0.0,2
5,2,4,1762.0,344.5999999999999,0.0,0,0.0,0,0,0,0,10,0,0.0,3
5,2,1,1281.66,1353.44,0.0,0,0.0,0,0,0,0,10,0,0.0,2
5,2,3,1870.33,587.35,0.0,0,0.0,0,0,0,0,10,0,971.62,3
5,2,1,778.05,816.9599999999999,0.0,0,0.0,0,0,0,0,10,0,0.0,2
5,2,1,0.0,1920.19,0.0,0,0.0,0,0,1,0,10,0,1766.07,0
5,2,1,0.0,773.41,0.0,0,0.0,0,0,0,0,10,0,0.0,2
5,2,1,2925.47,1349.43,1473.86,1,0.5038028077539677,0,0,1,0,10,0,1461.54,0
5,2,1,1281.66,1353.44,0.0,0,0.0,0,0,0,0,10,0,0.0,2
5,2,4,2129.49,1257.41,1360.01,1,0.6386552648756274,0,0,2,0,10,12,539.6,0
6,1,1,4237.46,4140.62,0.0,0,0.0,0,0,0,1,1,0,2080.82,0
4,1,12,264.35,262.87,135.28,1,0.5117457915642141,1,1,2,1,18,4,0.0,0
5,2,1,1281.66,1353.44,0.0,0,0.0,0,0,0,0,10,0,0.0,2
4,1,1,4162.72,294.16,4451.17,1,1.069293634931007,0,0,1,1,8,0,6831.16,0
6,1,14,3545.149999999999,7473.009999999998,470.16,3,0.1326206225406542,1,1,2,1,13,4,0.0,2
5,2,1,0.0,774.17,0.0,0,0.0,0,0,0,0,10,0,0.0,2
5,2,4,1599.6,289.19,0.0,0,0.0,0,0,0,0,10,0,311.9,3
9,1,2,8633.26,10911.59,160.51,0,0.01859204981663937,0,0,2,1,13,2,836.75,1
9,1,11,15203.85,45171.43,6499.83,2,0.4275121104194003,1,1,0,1,18,3,0.0,1
9,1,11,3849.82,11334.86,1356.71,2,0.3524086840423708,1,1,2,1,8,21,0.0,1
5,2,1,1281.66,1353.44,0.0,0,0.0,0,0,0,1,10,0,751782.89,2
6,1,2,7035.19,6376.59,0.0,0,0.0,0,0,0,1,7,0,0.0,1
5,2,3,1862.67,614.01,0.0,0,0.0,0,0,0,0,10,0,0.0,3
8,0,18,198.74,856.29,0.0,0,0.0,1,0,0,0,10,0,0.0,3
9,1,2,22139.47,20531.84,7012.13,2,0.3167252874617143,0,0,1,1,1,0,31011.0,0
9,1,7,7690.58,7858.280000000002,2761.2427,2,0.3590421918762954,1,0,2,1,7,2,2988.79,1
4,1,3,8978.76,12645.62,0.0,0,0.0,0,0,0,1,13,0,11444.12,1
9,1,1,3358.68,3811.22,0.0,0,0.0,0,0,0,1,17,2,2647.49,1
6,1,14,204538.47,317441.97,0.0,0,0.0,1,0,0,1,0,0,376829.13,0
5,2,1,0.0,379.81,0.0,0,0.0,0,0,0,0,10,1,0.0,2
8,0,4,936.1,1960.83,0.0,0,0.0,0,0,0,0,10,0,351.6,3
5,2,1,0.0,1873.92,0.0,0,0.0,0,0,1,0,10,0,0.0,0
5,2,1,0.0,778.44,0.0,0,0.0,0,0,0,0,10,0,0.0,2
5,2,1,0.0,773.41,0.0,0,0.0,0,0,0,0,10,0,0.0,2
5,2,3,1413.2,606.9,0.0,0,0.0,0,0,0,0,10,0,136.1,3
5,2,8,3034.09,4673.17,0.0,0,0.0,1,0,0,0,10,0,0.0,3
5,2,3,1887.8,613.9499999999998,0.0,0,0.0,0,0,0,0,10,0,0.0,3
6,1,13,1876.34,2705.45,622.2,2,0.3316030143790571,1,2,2,1,2,19,0.0,1
4,1,1,730.76,932.78,0.0,0,0.0,0,0,0,1,17,0,0.0,1
5,2,1,1280.18,1361.57,0.0,0,0.0,0,0,0,0,10,0,0.0,2
5,2,3,1104.05,383.49,0.0,0,0.0,0,0,0,0,10,0,1410.95,3
4,1,4,1159.8,1662.65,0.0,0,0.0,0,1,0,1,17,0,0.0,3
5,2,5,1788.25,423.43,0.0,0,0.0,0,0,0,0,10,0,0.0,3
6,1,5,4319.889999999999,7738.31,154.52,0,0.03576942931417235,0,2,2,1,2,16,0.0,3
5,2,1,0.0,421.65,0.0,0,0.0,0,0,0,0,10,0,0.0,2
9,1,9,6074.13,3639.88,76455.0133,1,12.58698995576321,1,1,1,1,1,0,0.0,0
9,1,1,0.0,37402.23,0.0,0,0.0,0,0,1,1,8,0,0.0,0
5,2,4,1046.9,195.0,0.0,0,0.0,0,0,0,0,10,0,210.73,3
2,1,10,1034.05,36538.04,1059.5,1,1.024611962671051,1,1,0,1,17,0,0.0,0
5,2,3,1353.21,606.87,0.0,0,0.0,0,0,0,0,10,0,0.0,3
6,1,9,3933.12,3933.37,2485.2994,1,0.6318900516638191,1,1,2,1,8,15,0.0,0
6,1,2,1450.77,1804.22,0.0,0,0.0,0,2,0,1,7,0,0.0,3
5,2,1,1280.18,1361.57,0.0,0,0.0,0,0,0,0,10,0,0.0,2
4,1,7,73180.33,82394.7,23810.637,2,0.3253693581321647,1,0,2,1,8,12,0.0,1
5,2,1,2660.76,2867.82,0.0,0,0.0,0,0,0,0,10,0,0.0,2
2,1,3,75158.73999999999,133238.55,0.0,0,0.0,0,1,0,1,17,0,2514.99,2
5,2,1,778.05,816.9599999999999,0.0,0,0.0,0,0,0,0,10,0,0.0,2
5,2,8,1326.43,1134.78,539.5329,2,0.4067556523902506,1,0,2,0,10,17,0.0,1
4,1,3,26966.71,9198.91,19573.4524,1,0.7258376123746648,0,0,1,1,13,0,32785.81,0
9,1,4,10487.92,13237.85,3097.1,2,0.2953016422703453,0,0,2,1,17,1,9459.74,1
5,2,3,794.05,364.59,0.0,0,0.0,0,0,0,0,10,0,0.0,3
4,1,3,263.88,373.29,0.0,0,0.0,0,0,0,1,17,0,0.0,3
9,1,10,2383.42,5700.2,1589.55,1,0.6669198043148082,1,1,2,1,13,19,0.0,0
4,1,1,861.59,548.72,411.85,2,0.4780115832356457,0,0,2,1,9,1,197.76,1
4,1,7,1686.85,1938.18,466.5951,2,0.2766073450514273,1,1,2,1,13,16,0.0,1
5,2,1,792.48,832.12,0.0,0,0.0,0,0,0,0,10,0,0.0,2
6,1,7,1061.84,2255.59,38.5945,0,0.0363468130791833,1,1,2,1,1,18,0.0,3
5,2,12,3331.59,5798.53,609.2,3,0.1828556334963186,1,0,1,0,10,0,0.0,0
8,0,3,3379.79,6351.81,0.0,0,0.0,0,0,0,0,10,0,0.0,3
5,2,1,1824.77,1940.53,0.0,0,0.0,0,0,0,1,10,0,751782.89,2
5,2,12,1392.46,2418.59,0.0,0,0.0,1,0,0,0,10,0,0.0,3
6,1,1,0.0,23035.6,0.0,0,0.0,0,0,1,1,13,0,0.0,0
6,1,9,7487.701999999998,13190.97,1583.31,2,0.2114547293682361,1,0,2,1,15,18,0.0,1
9,1,13,886.9100000000001,2284.38,261.12,2,0.2944154423785953,1,1,2,1,8,5,0.0,1
5,2,3,1870.33,604.84,0.0,0,0.0,0,0,0,0,10,0,0.0,3
0,1,19,43454.41,117950.49,0.0,0,0.0,1,1,0,1,17,0,2221.73,3
4,1,1,3417.84,4356.59,0.0,0,0.0,0,0,0,1,6,0,8088.0,0
5,2,1,778.05,816.9599999999999,0.0,0,0.0,0,0,0,0,10,0,0.0,2
5,2,3,1840.19,606.88,0.0,0,0.0,0,0,0,0,10,0,0.0,3
5,2,1,0.0,774.89,0.0,0,0.0,0,0,0,0,10,0,0.0,2
5,2,3,1878.03,605.69,0.0,0,0.0,0,0,0,0,10,0,0.0,3
4,1,3,2111.02,1488.2,1200.44,1,0.5686540155943572,0,0,2,1,7,1,2672.78,0
6,1,8,3871.21,4593.99,817.2958,2,0.2111215356438943,1,1,0,1,17,17,0.0,1
2,1,8,826.82,2200.96,0.0,0,0.0,1,1,0,1,13,19,0.0,2
9,1,21,1167.26,2608.29,538.0,2,0.4609084522728441,1,1,2,1,8,4,0.0,1
9,1,3,2428.29,1373.17,966.19,2,0.3978890494957357,0,0,2,1,17,1,3961.82,1
5,2,1,0.0,301.68,0.0,0,0.0,0,0,1,0,10,0,0.0,0
6,1,1,2637.01,2978.13,0.0,0,0.0,0,0,0,1,6,0,19040.19,0
5,2,9,1737.7,1724.08,1025.8487,1,0.5903485641940496,1,0,2,1,10,15,0.0,0
9,1,6,4367.780000000001,3237.45,2655.3889,1,0.607949324370733,0,1,1,1,13,0,402.49,0
9,1,7,36999.67999999999,23694.14,14259.0,2,0.385381711409396,1,2,1,1,17,0,53803.72,0
5,2,1,2438.14,2628.02,0.0,0,0.0,0,0,0,0,10,0,0.0,2
9,1,6,5378.91,5956.14,2395.18,2,0.4452909604362222,0,0,2,1,17,12,0.0,1
5,2,1,778.05,816.9599999999999,0.0,0,0.0,0,0,0,0,10,0,604.65,2
6,1,17,49914.11,64047.12,4296.92,3,0.08608627901008352,1,0,1,1,13,0,0.0,0
5,2,1,1026.43,1083.83,0.0,0,0.0,0,0,0,0,10,0,0.0,2
5,2,1,0.0,778.05,0.0,0,0.0,0,0,0,0,10,0,0.0,2
9,1,1,1076.73,1165.84,0.0,0,0.0,0,0,0,1,13,2,0.0,1
5,2,1,778.05,816.9599999999999,0.0,0,0.0,0,0,0,0,10,0,12408.34,2
5,2,1,0.0,773.41,0.0,0,0.0,0,0,0,0,10,0,0.0,2
4,1,3,14221.08,14107.92,2896.86,2,0.2037018285531057,0,0,1,1,6,0,0.0,0
5,2,3,720.06,705.4200000000001,0.0,0,0.0,0,0,0,0,10,0,0.0,3
5,2,4,756.39,756.6199999999999,309.89,2,0.4096960562672695,0,0,2,0,10,1,14052.66,1
4,1,4,36530.0,25171.34,14522.49,2,0.3975496851902546,0,0,1,1,14,0,5251.23,0
4,1,3,204557.09,80456.62999999999,152675.3962,1,0.746370591212458,0,0,1,1,17,0,316945.82,0
5,2,3,819.3900000000001,377.78,0.0,0,0.0,0,0,0,0,10,0,0.0,3
9,1,1,0.0,13052.41,0.0,0,0.0,0,0,1,1,17,0,0.0,0
4,1,4,43950.23,36156.97,20590.6252,2,0.4684986904505392,0,0,2,1,13,12,3734.47,1
5,2,1,0.0,423.45,0.0,0,0.0,0,0,0,0,10,0,0.0,2
5,2,1,0.0,1020.17,0.0,0,0.0,0,0,0,0,10,0,0.0,2
5,2,1,0.0,253.01,0.0,0,0.0,0,0,0,0,10,0,0.0,2
5,2,1,0.0,423.45,0.0,0,0.0,0,0,0,0,10,0,984.88,2
4,1,3,1024.21,1456.78,0.0,0,0.0,0,0,0,1,13,0,0.0,1
8,0,7,3732.69,4066.54,3003.7788,1,0.8047222780354114,1,0,2,0,10,15,0.0,0
5,2,1,0.0,1854.99,0.0,0,0.0,0,0,1,0,10,0,147.76,0
2,1,2,203766.02,123706.18,44146.43,2,0.2166525606183013,0,0,1,1,15,0,174050.43,0
6,1,28,7753.8496,19918.12,5727.2895,1,0.7386381985020706,1,1,0,1,13,4,0.0,0
6,1,5,100711.93,95067.51000000001,25848.37,2,0.2566564854829015,0,0,1,1,8,0,8111.58,0
5,2,7,4739.18,7334.52,0.0,0,0.0,1,0,0,0,10,0,0.0,3
5,2,1,1280.18,1361.57,0.0,0,0.0,0,0,0,0,10,0,0.0,2
4,1,3,119.12,163.34,0.0,0,0.0,0,0,0,1,17,0,1.92,1
5,2,11,3224.37,4557.31,1426.54,2,0.4424244115904811,1,0,2,0,10,15,6305.38,1
6,1,7,13979.67,5296.28,682.03,0,0.04878727466385115,1,1,1,1,2,0,0.0,0
9,1,13,22863.3,49483.03,13719.8,1,0.6000796035567919,1,1,2,1,13,0,0.0,0
4,1,1,8556.02,10017.89,0.0,0,0.0,0,2,0,1,17,0,0.0,3
4,1,10,14214.32,10133.98,11124.44,1,0.7826220318664558,1,1,2,1,17,18,0.0,0
5,2,3,1849.54,605.35,0.0,0,0.0,0,0,0,0,10,0,0.0,3
9,1,29,18090.2393,68930.8,0.0,0,0.0,1,1,0,1,0,0,0.0,3
6,1,7,105493.77,107411.4,6590.38,3,0.06247174596187055,1,0,1,1,12,0,439752.61,0
6,1,3,105867.98,147239.86,0.0,0,0.0,0,0,0,1,8,0,1161636.59,1
6,1,1,8990.779999999999,6847.9,1199.87,3,0.1334556067437975,0,0,1,1,17,0,34569.32,0
5,2,1,2297.63,2481.39,0.0,0,0.0,0,0,0,0,10,0,0.0,2
5,2,7,2498.58,2158.62,1082.1243,2,0.433095718368033,1,0,2,0,10,17,4209.5,1
2,1,19,1124.86,4662.99,0.0,0,0.0,1,1,0,1,17,0,0.0,3
5,2,3,1849.54,587.99,0.0,0,0.0,0,0,0,0,10,0,0.0,3
4,1,7,156.14,240.66,0.0,0,0.0,1,1,0,1,13,0,0.0,3
6,1,3,18354.18,25986.62,0.0,0,0.0,0,0,0,1,17,0,614.67,1
9,1,18,2154.16,7073.34,1177.06,1,0.5464125227466855,1,1,0,1,8,10,0.0,0
9,1,8,5268.559999999999,10222.08,2318.0033,2,0.4399690427744963,1,1,2,1,17,16,0.0,1
9,1,1,24289.32,25503.79,0.0,0,0.0,0,0,0,1,17,1,0.0,1
2,1,9,9118.29,22327.05,477.83,3,0.05240346600075232,1,1,2,1,8,20,0.0,1
5,2,5,1366.65,271.73,0.0,0,0.0,0,0,0,0,10,0,464.04,3
6,1,1,30204.63,29514.54,0.0,0,0.0,0,2,0,1,15,0,86026.06,1
5,2,4,3125.84,768.28,0.0,0,0.0,0,0,0,0,10,0,0.0,3
4,1,1,10018.36,6071.87,5423.77,1,0.5413830207738594,0,0,1,1,18,0,28797.31,0
4,1,12,284.4,239.89,173.55,1,0.6102320675105486,1,1,2,1,18,3,0.0,0
5,2,3,1849.54,605.67,0.0,0,0.0,0,0,0,0,10,0,2154.18,3
9,1,18,10441.9,33842.47,4842.75,2,0.4637805380246889,1,1,2,1,13,8,0.0,1
5,2,1,0.0,421.65,0.0,0,0.0,0,0,0,0,10,0,0.0,2
5,2,5,1571.75,296.23,0.0,0,0.0,0,0,0,0,10,0,1373.83,3
5,2,1,0.0,421.65,0.0,0,0.0,0,0,0,1,10,0,4469.84,2
4,1,1,4504.72,5602.419999999999,0.0,0,0.0,0,0,0,1,13,0,114.94,1
5,2,1,962.9,1017.08,0.0,0,0.0,0,0,0,0,10,0,0.0,2
2,1,5,2952901.83,5053594.34,0.0,0,0.0,0,1,0,1,12,0,0.0,0
9,1,1,0.0,57370.37,0.0,0,0.0,0,0,1,1,17,0,0.0,0
8,0,5,75564.26,77527.28,30467.5036,2,0.4031999201739023,0,0,1,0,10,0,0.0,0
4,1,4,25527.24,7548.98,24845.1773,1,0.9732809853317477,0,0,1,1,17,0,24565.1,0
4,1,7,1710.08,2010.75,413.8818,2,0.2420248175523952,1,2,2,1,0,18,0.0,1
6,1,13,4023.189999999999,7102.68,1105.6,2,0.2748068075333255,1,1,2,1,17,3,0.0,1
6,1,7,4776.6,8711.92,1275.9416,2,0.2671233932085584,1,2,2,1,17,12,0.0,1
6,1,1,15325.0,15998.36,0.0,0,0.0,0,0,0,1,8,0,5054.99,1
6,1,1,48880.14999999999,48305.81,2090.42,0,0.04276623537366396,0,0,2,1,7,1,52923.17,2
9,1,2,0.0,1507.51,0.0,0,0.0,0,0,1,1,12,0,0.0,0
4,1,10,1009.47,1131.36,547.17,1,0.542036910457963,1,1,2,1,8,12,0.0,0
5,2,1,0.0,774.17,0.0,0,0.0,0,0,0,0,10,0,0.0,2
5,2,14,11906.05,20736.96,0.0,0,0.0,1,0,0,0,10,0,0.0,3
5,2,3,1870.33,604.84,0.0,0,0.0,0,0,0,0,10,0,0.0,3
5,2,3,1480.12,417.15,437.41,2,0.2955233359457341,0,0,1,0,10,0,0.0,0
5,2,3,811.93,363.99,0.0,0,0.0,0,0,0,0,10,0,0.0,3
9,1,2,0.0,31561.91,0.0,0,0.0,0,0,1,1,15,0,543070.2,0
6,1,19,56017.28,95415.19,33315.92,1,0.5947436219680783,1,1,2,1,17,9,0.0,0
5,2,1,0.0,421.65,0.0,0,0.0,0,0,0,0,10,0,0.0,2
5,2,1,0.0,773.41,0.0,0,0.0,0,0,0,0,10,0,0.0,2
9,1,10,1794.69,4359.48,1685.1,1,0.9389365294284806,1,1,2,1,6,2,0.0,0
6,1,3,18322.24,14428.3,7111.63,2,0.3881419520757287,0,0,1,1,0,0,0.0,0
6,1,15,3621.080000000001,8288.76,0.0,0,0.0,1,1,0,1,0,0,0.0,3
5,2,3,1840.19,606.88,0.0,0,0.0,0,0,0,0,10,0,529.15,3
4,1,12,319.38,479.43,98.64,2,0.3088483937629157,1,1,2,1,7,20,0.0,1
2,1,2,0.0,25641.59,0.0,0,0.0,0,0,1,1,4,0,9007.41,0
9,1,1,6682.66,7248.27,24107.88,1,3.607527541428114,0,2,0,1,11,1,0.0,0
5,2,12,854.02,1363.6,0.0,0,0.0,1,0,0,0,10,0,0.0,3
9,1,1,0.0,18787.6,0.0,0,0.0,0,0,1,1,7,0,0.0,0
5,2,1,0.0,743.11,0.0,0,0.0,0,0,1,0,10,0,0.0,0
5,2,4,1022.57,189.12,0.0,0,0.0,0,0,0,0,10,0,0.0,3
4,1,3,2936.8,2082.76,1659.95,1,0.5652240533914465,0,1,2,1,17,12,0.0,0
5,2,1,0.0,773.41,0.0,0,0.0,0,0,0,0,10,0,0.0,2
9,1,10,3515.35,8952.800000000001,1464.2,2,0.4165161363733341,1,1,0,1,6,20,0.0,1
6,1,1,3766.44,3863.689999999999,108.46,0,0.02879642314758764,0,0,2,1,4,1,30420.85,0
2,1,19,17514.02,65213.45,5490.63,2,0.3134991281270662,1,1,0,1,7,11,0.0,1
5,2,3,973.4100000000001,103.51,233.94,2,0.2403303849354332,0,0,1,0,10,0,0.0,0
4,1,1,11022.14,13089.84,0.0,0,0.0,0,0,0,1,8,0,0.0,1
6,1,8,1083.9,2287.91,0.0,0,0.0,1,1,0,1,12,0,0.0,3
4,1,12,5632.55,3937.12,3817.25,1,0.6777125813352745,1,1,2,1,17,21,0.0,0
5,2,7,14256.98,21851.81,3294.88,2,0.2311064475085186,1,0,0,0,10,18,0.0,1
4,1,3,7995.17,10956.4,300.39,0,0.03757143375312845,0,1,2,1,7,15,0.0,3
9,1,3,3222.39,4209.07,67.16,0,0.02084167341631522,0,0,2,1,8,1,88123.59,1
5,2,1,0.0,773.41,0.0,0,0.0,0,0,0,1,10,0,0.0,2
4,1,3,3568.19,2480.0,1944.4931,1,0.5449522306827832,0,2,2,1,1,12,0.0,0
9,1,4,0.0,15785.32,0.0,0,0.0,0,0,1,1,17,0,0.0,0
5,2,1,814.82,855.56,0.0,0,0.0,0,0,0,0,10,0,0.0,2
4,1,10,10022.59,3871.15,10253.24,1,1.023013013602272,1,0,2,1,17,18,0.0,0
5,2,1,0.0,421.65,0.0,0,0.0,0,0,0,0,10,0,0.0,2
5,2,1,0.0,467.64,0.0,0,0.0,0,0,1,0,10,0,0.0,0
5,2,12,2499.84,4231.55,0.0,0,0.0,1,0,0,0,10,0,0.0,3
6,1,1,2617.52,2837.4,0.0,0,0.0,0,0,0,1,17,0,0.0,1
5,2,3,1849.54,605.36,0.0,0,0.0,0,0,0,0,10,0,0.0,3
4,1,12,662.32,1323.08,0.0,0,0.0,1,1,0,1,6,0,0.0,3
5,2,3,4529.74,4468.48,0.0,0,0.0,0,0,0,1,10,0,377294.55,0
6,1,5,459.83,795.69,0.0,0,0.0,0,0,0,1,8,0,0.0,3
5,2,1,0.0,423.76,0.0,0,0.0,0,0,0,0,10,0,0.0,2
5,2,4,4086.1,718.31,0.0,0,0.0,0,0,0,0,10,0,0.0,3
5,2,4,1156.66,275.25,0.0,0,0.0,0,0,0,0,10,0,0.0,3
9,1,1,0.0,78125.5,0.0,0,0.0,0,0,1,1,1,0,449521.01,0
9,1,11,17074.8,33900.12,7706.41,2,0.4513323728535619,1,1,2,1,0,19,0.0,1
9,1,7,77514.23999999999,126106.3,53180.833,1,0.6860782354313221,1,2,1,1,17,0,22424.18,0
9,1,3,35082.24,28210.14,1765.89,3,0.05033572542688267,0,0,1,1,13,0,109484.52,0
6,1,1,225235.1,213228.92,22748.08,3,0.1009970470854676,0,0,1,1,6,0,312326.58,0
6,1,1,9193.92,10130.91,0.0,0,0.0,0,0,0,1,17,1,11510.85,1
5,2,4,449.33,221.32,0.0,0,0.0,0,0,0,0,10,0,0.0,3
5,2,1,0.0,423.76,0.0,0,0.0,0,0,0,0,10,0,0.0,2
5,2,4,1040.39,1125.86,0.0,0,0.0,0,0,0,0,10,0,235.54,3
5,2,1,0.0,778.05,0.0,0,0.0,0,0,0,0,10,0,0.0,2
6,1,2,21390.42,23806.88,0.0,0,0.0,0,0,0,1,8,0,28190.23,1
5,2,1,778.05,816.9599999999999,0.0,0,0.0,0,0,0,0,10,0,0.0,2
5,2,4,1381.67,1581.96,0.0,0,0.0,0,1,0,1,6,0,0.0,3
11,3,4,5094.08,2341.36,5226.42,1,1.025979175827627,0,0,2,0,10,2,3755.71,0
4,1,1,492.37,592.06,0.0,0,0.0,0,0,0,1,17,0,0.0,3
4,1,3,1208.97,1712.02,0.0,0,0.0,0,1,0,1,12,0,0.0,3
5,2,1,0.0,421.65,0.0,0,0.0,0,0,0,0,10,0,0.0,2
5,2,3,1849.54,605.75,0.0,0,0.0,0,0,0,0,10,0,0.0,3
4,1,4,172.84,249.05,0.0,0,0.0,0,1,0,1,17,0,0.0,3
5,2,1,1281.66,1353.44,0.0,0,0.0,0,0,0,0,10,0,1589.05,2
2,1,7,3735.16,9949.61,214.87,3,0.05752631748037568,1,2,0,1,15,18,0.0,2
5,2,1,0.0,1834.75,0.0,0,0.0,0,0,0,0,10,0,0.0,2
5,2,9,1702.49,2352.75,451.3959,2,0.265138649859911,1,0,2,0,10,17,0.0,1
9,1,7,707.39,866.03,157.9428,2,0.2232754209134989,1,2,1,1,17,0,0.0,0
2,1,3,22657.08,15858.76,16677.08,1,0.7360648415418051,0,0,1,1,8,0,7755.76,0
5,2,3,1849.54,605.67,0.0,0,0.0,0,0,0,0,10,0,758.6,3
6,1,7,388.13,404.11,244.0341,1,0.6287432045963981,1,0,2,1,17,16,4486.04,0
6,1,2,815.86,863.22,0.0,0,0.0,0,0,0,1,15,0,5232.36,0
6,1,2,2366.1,2633.27,0.0,0,0.0,0,0,0,1,13,0,0.0,1
6,1,6,878.99,1153.04,361.4082,2,0.4111630393974903,0,1,2,1,17,16,0.0,1
5,2,11,1458.92,1190.84,594.07,2,0.4071984755846791,1,2,2,1,7,15,1809.31,1
5,2,1,1691.52,1798.68,0.0,0,0.0,0,0,0,1,10,0,226349.49,2
4,1,3,841.51,925.23,204.07,2,0.24250454540053,0,2,2,1,7,12,0.0,1
5,2,1,1272.45,1353.43,0.0,0,0.0,0,0,0,0,10,0,0.0,2
4,1,1,2890.29,3685.06,0.0,0,0.0,0,0,0,1,18,0,0.0,1
9,1,11,3504.58,7105.58,723.87,2,0.2065497149444441,1,1,2,1,17,19,0.0,1
9,1,18,1603.51,4522.22,1632.15,1,1.017860817830884,1,1,2,1,17,17,0.0,0
9,1,4,43632.31,33403.44,7243.51,3,0.1660125260386168,0,0,1,1,17,0,103525.42,0
9,1,10,1268.185,1363.07,3588.3237,1,2.829495460047232,1,2,2,1,17,17,0.0,0
2,1,8,22097.9,11375.6,23548.1794,1,1.065629738572444,1,0,2,1,8,12,0.0,0
5,2,1,778.8,817.75,0.0,0,0.0,0,0,0,0,10,0,1124.41,2
4,1,3,36026.18,39412.06,13615.91,2,0.3779448723123018,0,0,1,1,15,0,33372.8,0
5,2,1,1272.45,1353.43,0.0,0,0.0,0,0,0,0,10,0,0.0,2
9,1,6,13132.54,7249.06,7178.44,1,0.5466147447485405,0,0,1,1,15,0,2011.16,0
5,2,4,1210.07,1385.37,0.0,0,0.0,0,0,0,0,10,0,0.0,3
5,2,1,778.05,816.9599999999999,0.0,0,0.0,0,0,0,0,10,0,0.0,2
5,2,4,967.8500000000001,890.1099999999999,243.7772,2,0.2518749806271633,0,0,2,0,10,12,943.31,1
8,0,18,1406.23,5840.9,0.0,0,0.0,1,0,0,0,10,0,43.75,3
5,2,1,0.0,421.65,0.0,0,0.0,0,0,0,0,10,0,120.0,2
5,2,3,1184.45,1029.27,54.25,0,0.04580184895943266,0,0,1,0,10,0,819.64,0
5,2,1,778.05,816.9599999999999,0.0,0,0.0,0,0,0,0,10,0,0.0,2
5,2,1,0.0,1261.76,0.0,0,0.0,0,0,0,0,10,0,0.0,2
5,2,1,0.0,423.76,0.0,0,0.0,0,0,0,0,10,0,0.0,2
5,2,1,0.0,773.41,0.0,0,0.0,0,0,0,0,10,0,0.0,2
6,1,1,1698.01,1841.47,0.0,0,0.0,0,0,0,1,6,1,18636.29,1
4,1,10,54078.07,104174.61,1699.91,0,0.03143436886708421,1,0,2,1,12,18,0.0,3
5,2,3,1849.54,605.35,0.0,0,0.0,0,0,0,0,10,0,0.0,3
4,1,10,308.72,578.48,0.0,0,0.0,1,1,0,1,18,0,0.0,3
5,2,7,1114.15,1158.46,552.077,2,0.4955140690212269,1,0,2,0,10,12,120.0,1
5,2,4,878.8399999999999,194.89,0.0,0,0.0,0,0,0,0,10,0,0.0,3
5,2,3,1118.89,353.38,0.0,0,0.0,0,0,0,0,10,0,5870.62,3
7,1,4,8156.26,16090.71,0.0,0,0.0,0,1,0,1,12,0,0.0,3
6,1,4,2483.97,3858.48,0.0,0,0.0,0,0,0,1,9,0,0.0,1
5,2,3,1849.54,605.35,0.0,0,0.0,0,0,0,0,10,0,0.0,3
5,2,4,4600.17,877.73,0.0,0,0.0,0,0,0,0,10,0,141.96,3
4,1,10,1214.35,2334.17,0.0,0,0.0,1,1,0,1,7,0,1739.64,3
5,2,1,0.0,2016.83,0.0,0,0.0,0,0,0,1,12,0,2351.75,0
5,2,1,1803.76,1918.04,0.0,0,0.0,0,0,0,0,10,0,0.0,2
6,1,6,1086.24,2036.53,0.0,0,0.0,0,2,0,1,7,17,0.0,3
2,1,28,601898.3075,2307590.88,0.0,0,0.0,1,1,0,1,7,0,0.0,3
9,1,10,39144.26,96667.87999999999,16979.71,2,0.4337726655197978,1,1,0,1,15,20,0.0,1
6,1,1,2475.21,1948.18,249.17,3,0.1006662060996845,0,0,1,1,13,0,2261.64,0
2,1,38,21492.5864,50769.66,0.0,0,0.0,1,1,0,1,0,0,0.0,3
6,1,5,60230.73,108386.16,0.0,0,0.0,0,0,0,1,17,0,833.38,1
4,1,1,256.81,297.71,0.0,0,0.0,0,1,0,1,7,0,0.0,3
8,0,4,1462.65,1079.87,1034.63,1,0.7073667658017981,0,0,1,0,10,0,100.07,0
5,2,1,0.0,421.65,0.0,0,0.0,0,0,0,0,10,0,3657.72,2
5,2,5,988.09,733.47,439.43,2,0.4447266949366961,0,0,2,0,10,2,0.0,1
9,1,1,1391.67,1506.05,0.0,0,0.0,0,0,0,1,8,1,0.0,1
5,2,1,0.0,421.65,0.0,0,0.0,0,0,0,0,10,0,0.0,2
5,2,1,778.05,816.9599999999999,0.0,0,0.0,0,0,0,0,10,0,0.0,2
5,2,3,1887.8,604.41,0.0,0,0.0,0,0,0,0,10,0,0.0,3
5,2,12,3107.23,5268.61,0.0,0,0.0,1,0,0,0,10,0,0.0,3
4,1,10,6897.07,7765.9701,3383.59,2,0.4905836826362499,1,2,2,1,6,18,0.0,1
5,2,1,778.05,816.9599999999999,0.0,0,0.0,0,0,0,0,10,0,0.0,2
2,1,3,84176.31,124992.28,15833.68,3,0.1881013791172362,0,0,1,1,15,0,79417.35,0
6,1,15,92772.23999999999,152476.87,46867.37,1,0.5051874353793765,1,2,2,1,18,19,0.0,0
5,2,1,3900.22,4215.94,0.0,0,0.0,0,0,0,0,10,0,0.0,2
4,1,1,25344.93,31997.75,0.0,0,0.0,0,2,0,1,11,0,16671.94,1
5,2,3,2170.26,604.4,0.0,0,0.0,0,0,0,0,10,0,0.0,3
5,2,1,0.0,1705.05,0.0,0,0.0,0,0,0,1,10,0,0.0,2
5,2,1,1272.45,1353.43,0.0,0,0.0,0,0,0,0,10,0,0.0,2
5,2,1,784.18,823.4,0.0,0,0.0,0,0,0,0,10,0,0.0,2
5,2,4,5299.66,1035.95,0.0,0,0.0,0,0,0,0,10,0,0.0,3
5,2,8,1950.98,3006.5,0.0,0,0.0,1,0,0,0,10,0,12957.5,3
5,2,4,1283.49,79.61,695.9,1,0.5421935503977435,0,0,1,0,10,0,0.0,0
9,1,12,2571.78,7025.96,172.95,3,0.06724914261717566,1,1,2,1,17,3,0.0,2
5,2,5,622.27,338.76,0.0,0,0.0,0,0,0,0,10,0,0.0,3
5,2,1,0.0,423.76,0.0,0,0.0,0,0,0,0,10,0,822.88,2
5,2,1,778.05,816.9599999999999,0.0,0,0.0,0,0,0,0,10,0,0.0,2
6,1,1,40018.5,42338.02,0.0,0,0.0,0,0,0,1,7,1,441381.64,1
5,2,1,0.0,254.11,0.0,0,0.0,0,0,0,0,10,0,0.0,2
5,2,1,0.0,1004.68,0.0,0,0.0,0,0,1,0,10,0,0.0,0
9,1,5,18997.06,14106.44,884.05,0,0.04653614822504114,0,0,1,1,18,0,77930.56,0
9,1,17,2904.96,9339.37,1134.92,2,0.3906835205992509,1,1,2,1,13,9,0.0,1
5,2,1,1281.66,1353.44,0.0,0,0.0,0,0,0,0,10,0,0.0,2
5,2,1,0.0,1439.03,0.0,0,0.0,0,0,0,0,10,0,1526.69,2
5,2,3,2008.77,588.78,0.0,0,0.0,0,0,0,1,10,0,474096.63,3
6,1,1,409086.39,448960.12,0.0,0,0.0,0,0,0,1,0,0,1038923.48,1
6,1,18,2406.23,5789.82,413.04,3,0.1716544137509715,1,1,0,1,17,9,0.0,1
6,1,1,19326.62,20959.4,0.0,0,0.0,0,0,0,1,12,0,210447.09,1
5,2,1,0.0,1991.17,0.0,0,0.0,0,0,0,0,10,0,0.0,2
6,1,1,15370.0,16235.13,0.0,0,0.0,0,0,0,1,15,0,47453.91,1
6,1,9,35991.93,28757.97,18484.5,1,0.5135734593838118,1,0,1,1,0,0,38419.98,0
9,1,7,965.5885000000002,2346.99,886.71,1,0.9183104396955845,1,2,0,1,13,19,0.0,0
5,2,4,1095.5,1254.39,0.0,0,0.0,0,0,0,0,10,0,0.0,3
5,2,1,0.0,423.76,0.0,0,0.0,0,0,0,0,10,0,456.83,2
5,2,4,1038.23,194.79,0.0,0,0.0,0,0,0,0,10,0,0.0,3
4,1,4,704.87,936.51,0.0,0,0.0,0,1,0,1,8,0,0.0,3
5,2,4,1031.02,938.26,239.02,2,0.2318286745164982,0,0,1,0,10,0,0.0,0
6,1,3,1586.35,1670.9,223.23,3,0.1407192611970877,0,0,1,1,7,0,3601.67,0
4,1,2,18572.77,24533.7,0.0,0,0.0,0,0,0,1,15,0,2106.3,1
9,1,18,754.07,2409.29,495.52,1,0.657127322397125,1,1,2,1,17,10,0.0,0
4,1,3,136.19,189.8,0.0,0,0.0,0,0,0,1,0,0,0.0,3
5,2,11,1224.16,1016.57,416.35,2,0.3401107698340086,1,0,2,0,10,20,0.0,1
5,2,7,3944.16,4669.74,804.727,2,0.2040300089245873,1,0,2,0,10,17,1968.27,1
5,2,5,986.57,195.3,0.0,0,0.0,0,0,0,0,10,0,0.0,3
6,1,6,37544.54,63785.69,7194.5368,3,0.1916267132318041,0,0,2,1,9,17,26685.88,1
9,1,18,909.9200000000001,2851.51,332.83,2,0.3657794091788288,1,1,2,1,17,18,0.0,1
5,2,5,1094.08,189.54,0.0,0,0.0,0,0,0,0,10,0,0.0,3
4,1,10,5961.49,11054.13,0.0,0,0.0,1,1,0,1,17,0,0.0,3
5,2,1,1280.18,1361.57,0.0,0,0.0,0,0,0,0,10,0,0.0,2
5,2,4,1000.73,189.23,0.0,0,0.0,0,0,0,0,10,0,0.0,3
9,1,7,24661.47,18015.31,11488.46,2,0.465846520908932,1,0,1,1,1,0,8991.93,0
5,2,3,1864.84,606.38,0.0,0,0.0,0,0,0,0,10,0,0.0,3
5,2,4,1497.15,693.05,0.0,0,0.0,0,0,0,0,10,0,4800.05,3
5,2,3,815.1199999999999,604.41,0.0,0,0.0,0,0,0,0,10,0,0.0,3
5,2,1,0.0,420.89,0.0,0,0.0,0,0,0,0,10,0,0.0,2
9,1,22,855.0799999999999,1608.23,802.0,1,0.9379239369415728,1,1,1,1,8,0,0.0,0
5,2,4,1059.85,1161.9,0.0,0,0.0,0,0,0,0,10,0,322.51,3
9,1,1,4348.190000000001,4745.39,0.0,0,0.0,0,0,0,1,17,1,0.0,1
5,2,1,0.0,773.41,0.0,0,0.0,0,0,0,0,10,0,0.0,2
4,1,10,1854.45,1088.25,1449.22,1,0.7814823802205506,1,1,2,1,18,17,1186.68,0
5,2,1,1272.45,1353.43,0.0,0,0.0,0,0,0,0,10,0,0.0,2
2,1,13,1449.56,4723.89,0.0,0,0.0,1,1,0,1,8,0,0.0,3
6,1,2,1132.1,1407.14,0.0,0,0.0,0,0,0,1,0,0,0.0,1
5,2,3,1016.63,287.3200000000001,106.61,3,0.1048660771372082,0,0,1,0,10,0,0.0,0
5,2,4,1036.12,189.91,0.0,0,0.0,0,0,0,0,10,0,0.0,3
5,2,3,1840.19,639.14,0.0,0,0.0,0,0,0,0,10,0,0.0,3
4,1,12,1179.57,1035.84,804.68,1,0.6821807946963724,1,0,2,1,7,17,0.0,0
9,1,9,8581.58,23622.51,2126.1076,2,0.2477524651637577,1,1,2,1,13,19,0.0,1
5,2,3,1767.85,606.87,0.0,0,0.0,0,0,0,0,10,0,0.0,3
2,1,11,1377.16,3337.52,325.6,2,0.2364285921752012,1,2,2,1,8,18,0.0,1
9,1,2,958.09,1147.11,0.0,0,0.0,0,0,0,1,13,2,1333.86,1
4,1,8,17104.58,7238.79,6700.53,2,0.3917389377581911,1,1,1,1,13,0,0.0,0
5,2,4,970.9200000000001,1023.36,0.0,0,0.0,0,0,0,0,10,0,0.0,3
5,2,4,1011.06,195.03,0.0,0,0.0,0,0,0,0,10,0,0.0,3
5,2,1,778.05,816.9599999999999,0.0,0,0.0,0,0,0,0,10,0,0.0,2
6,1,6,5075.36,9936.74,0.0,0,0.0,0,0,0,1,9,0,0.0,1
5,2,3,1862.67,614.01,0.0,0,0.0,0,0,0,0,10,0,0.0,3
5,2,4,1084.0,196.8,0.0,0,0.0,0,0,0,0,10,0,0.0,3
6,1,10,3579.46,5108.06,1022.85,2,0.2857553932716108,1,1,2,1,7,19,0.0,1
6,1,2,3323.440000000001,3682.49,0.0,0,0.0,0,0,0,1,15,0,1849.6,1
6,1,2,6111.18,6927.83,0.0,0,0.0,0,0,0,1,1,0,0.0,3
5,2,1,0.0,615.62,0.0,0,0.0,0,0,1,0,10,0,113.87,0
5,2,7,1164.73,1554.91,164.7283,3,0.1414304602783478,1,0,2,0,10,15,0.0,2
9,1,4,0.0,7505.93,0.0,0,0.0,0,0,1,1,17,0,39967.23,0
5,2,1,0.0,420.89,0.0,0,0.0,0,0,0,0,10,0,0.0,2
9,1,8,693.4717,1175.75,2566.99,1,3.701650694613782,1,0,2,1,18,15,0.0,0
9,1,9,2175.1,5219.14,858.537,2,0.3947115075168958,1,1,2,1,17,18,0.0,1
4,1,4,25784.64,2264.44,25938.07,1,1.005950441813421,0,0,1,1,6,0,648.63,0
9,1,11,1782.78,5225.89,0.0,0,0.0,1,1,0,1,17,3,0.0,3
4,1,4,2472.97,3520.71,0.0,0,0.0,0,0,0,1,7,0,0.0,1
5,2,1,0.0,423.76,0.0,0,0.0,0,0,0,0,10,0,736.08,2
5,2,4,1125.88,269.66,0.0,0,0.0,0,0,0,0,10,0,1525.2,3
9,1,13,274.19,743.48,114.89,2,0.4190160107954339,1,1,0,1,13,6,0.0,1
6,1,12,14868.8,26633.84,9942.09,1,0.6686544980092544,1,1,0,1,8,20,0.0,0
5,2,1,0.0,773.41,0.0,0,0.0,0,0,0,0,10,0,0.0,2
5,2,3,2216.19,614.01,0.0,0,0.0,0,0,0,0,10,0,0.0,3
5,2,1,2812.14,3036.87,0.0,0,0.0,0,0,0,0,10,0,1073.15,2
5,2,4,219.68,228.92,0.0,0,0.0,0,0,0,0,10,0,0.0,3
5,2,3,1870.33,587.35,0.0,0,0.0,0,0,0,0,10,0,0.0,3
6,1,1,9033.380000000001,9765.06,0.0,0,0.0,0,0,0,1,17,0,0.0,1
9,1,10,12947.82,22876.69,6545.59,1,0.5055360670753842,1,2,2,1,12,19,0.0,0
4,1,12,7564.59,11666.11,1533.48,2,0.2027181909396279,1,1,2,1,8,3,0.0,1
6,1,18,1836.0,4763.33,28.32,0,0.01542483660130719,1,1,0,1,17,10,0.0,2
5,2,4,3446.57,1213.88,0.0,0,0.0,0,0,0,0,10,0,0.0,3
5,2,4,853.82,195.03,0.0,0,0.0,0,0,0,0,10,0,0.0,3
6,1,1,349.92,395.49,0.0,0,0.0,0,0,0,1,0,0,9638.92,1
5,2,1,1073.17,1126.84,0.0,0,0.0,0,0,0,0,10,0,0.0,2
9,1,11,78178.1,132348.84,512191.04,1,6.55159232572805,1,0,0,1,8,17,30088.15,0
5,2,1,800.3299999999999,840.35,0.0,0,0.0,0,0,0,0,10,0,218.99,2
5,2,1,0.0,423.76,0.0,0,0.0,0,0,0,0,10,0,0.0,2
4,1,12,452.0700000000001,515.36,200.44,2,0.4433826619771273,1,1,2,1,13,3,0.0,1
5,2,3,1870.33,587.35,0.0,0,0.0,0,0,0,0,10,0,0.0,3
5,2,3,1870.33,636.37,0.0,0,0.0,0,0,0,0,10,0,0.0,3
5,2,7,2143.52,2622.08,417.194,3,0.1946303276853027,1,0,2,0,10,15,0.0,2
6,1,1,6903.74,7609.27,0.0,0,0.0,0,0,0,1,0,0,0.0,3
2,1,5,194284.03,73194.03,254088.3038,1,1.307818783664308,0,0,1,1,0,0,69297.89,0
5,2,1,2589.97,2797.17,0.0,0,0.0,0,0,0,0,10,0,0.0,2
3,1,1,0.0,28907.83,0.0,0,0.0,0,0,1,1,15,0,0.0,0
5,2,13,866.5999999999999,732.91,463.35,1,0.5346757442880221,1,2,2,1,7,15,1809.31,0
5,2,1,0.0,773.41,0.0,0,0.0,0,0,0,0,10,0,362.05,2
9,1,20,2729.9,7962.15,803.98,2,0.2945089563720283,1,1,2,1,6,9,0.0,1
5,2,1,1280.18,1361.57,0.0,0,0.0,0,0,0,0,10,0,0.0,2
5,2,3,1864.84,606.39,0.0,0,0.0,0,0,0,0,10,0,5214.71,3
5,2,8,1406.43,1026.81,928.4142,1,0.6601211578251317,1,0,2,0,10,15,0.0,0
5,2,3,1767.85,606.86,0.0,0,0.0,0,0,0,0,10,0,0.0,3
9,1,5,29770.9,1476.1,31579.48,1,1.060749926942081,0,0,1,1,13,0,16476.11,0
5,2,1,0.0,253.01,0.0,0,0.0,0,0,0,0,10,0,0.0,2
4,1,1,4911.67,4207.15,1034.52,2,0.2106248994741096,0,0,1,1,17,0,25089.37,0
3,1,1,5111.71,2910.48,2864.42,1,0.5603643399175618,0,0,1,1,17,0,445644.48,0
6,1,12,4888.82,6589.2,2369.43,2,0.4846629657054258,1,1,2,1,12,20,0.0,1
6,1,2,1366.01,1480.6,0.0,0,0.0,0,0,0,1,12,0,2915.26,0
6,1,15,16030.37,28097.28,5898.8,2,0.3679765345403755,1,1,2,1,6,5,410.1,1
6,1,1,42490.00999999999,47994.28,0.0,0,0.0,0,0,0,1,15,0,90532.52,1
5,2,1,4812.99,5202.629999999999,0.0,0,0.0,0,0,0,0,10,0,2802.47,2
2,1,32,141197.4193,520404.84,0.0,0,0.0,1,1,0,1,1,0,0.0,3
6,1,5,24186.82,23696.06,10457.2834,2,0.4323546212358632,0,1,1,1,17,0,39881.91,0
5,2,3,1849.54,605.74,0.0,0,0.0,0,0,0,0,10,0,120.0,3
7,1,4,4060.24,2922.51,697.79,3,0.1718592989576971,0,0,1,1,12,0,193187.01,0
9,1,6,280706.46,569888.86,0.0,0,0.0,0,2,0,1,9,17,0.0,3
6,1,12,585.42,914.23,169.41,2,0.2893819821666496,1,1,2,1,1,20,0.0,1
9,1,2,0.0,108410.97,0.0,0,0.0,0,0,0,1,8,1,0.0,1
5,2,1,0.0,421.65,0.0,0,0.0,0,0,0,0,10,0,0.0,2
9,1,2,3245.62,3515.15,78.75,0,0.02426346892119225,0,0,2,1,13,1,9679.24,1
5,2,5,1022.13,1041.6,221.7236,2,0.2169230919746021,0,0,2,0,10,1,1250.97,1
4,1,2,3834.67,5011.49,0.0,0,0.0,0,0,0,1,9,0,1781.39,1
6,1,22,383.22,681.8,128.7,2,0.3358384217942696,1,1,2,1,14,9,0.0,0
5,2,3,1840.19,491.7,50.0,0,0.02717110733130818,0,0,1,0,10,0,18466.98,0
5,2,1,1280.18,1361.57,0.0,0,0.0,0,0,0,0,10,0,0.0,2
9,1,15,2769.93,6689.0,952.73,2,0.3439545403674462,1,1,2,1,8,15,0.0,1
5,2,7,891.64,585.61,606.1638,1,0.6798302005293617,1,0,2,0,10,12,0.0,0
9,1,5,1554.47,3102.9,0.0,0,0.0,0,1,0,1,14,17,0.0,3
5,2,4,207.07,227.81,0.0,0,0.0,0,0,0,0,10,0,0.0,3
5,2,1,778.05,816.9599999999999,0.0,0,0.0,0,0,0,0,10,0,0.0,2
6,1,14,19940.7,34358.86,5787.67,2,0.2902440736784566,1,2,2,1,8,3,0.0,1
4,1,7,1639.36,2481.61,0.0,0,0.0,1,1,0,1,13,0,0.0,3
9,1,2,8833.02,6446.19,3756.47,2,0.4252758399731915,0,0,2,1,0,1,5289.85,1
5,2,1,0.0,193.18,0.0,0,0.0,0,0,0,0,10,0,0.0,2
5,2,3,1165.03,759.4100000000001,383.38,2,0.3290730710797147,0,0,2,0,10,12,918.62,1
9,1,18,4741.76,15359.63,1681.75,2,0.3546678870292887,1,1,0,1,12,10,0.0,1
4,1,8,103.83,165.04,0.0,0,0.0,1,1,0,1,18,0,0.0,3
6,1,3,5426.57,7474.59,0.0,0,0.0,0,0,0,1,9,0,675.16,1
11,3,10,1566.96,334.47,1575.9101,1,1.005711760351253,1,2,2,1,17,17,0.0,0
5,2,1,0.0,752.87,0.0,0,0.0,0,0,0,0,10,0,0.0,2
5,2,3,2468.36,1732.89,814.39,2,0.3299316145132801,0,0,2,0,10,12,0.0,1
6,1,1,0.0,12737.43,0.0,0,0.0,0,0,1,1,17,0,57917.55,0
5,2,3,1864.84,606.4,0.0,0,0.0,0,0,0,0,10,0,290.56,3
5,2,1,0.0,773.41,0.0,0,0.0,0,0,0,0,10,0,0.0,2
5,2,4,247.5,257.81,0.0,0,0.0,0,0,0,0,10,0,0.0,3
6,1,3,3486.59,4632.56,0.0,0,0.0,0,0,0,1,17,0,614.67,1
5,2,4,4537.86,861.35,0.0,0,0.0,0,0,0,0,10,0,0.0,3
5,2,1,0.0,421.65,0.0,0,0.0,0,0,0,0,10,0,0.0,2
6,1,7,4509.809999999999,7807.66,0.0,0,0.0,1,0,0,1,6,17,71366.79,3
5,2,1,0.0,773.41,0.0,0,0.0,0,0,0,0,10,0,0.0,2
5,2,3,7206.189999999999,1741.36,0.0,0,0.0,0,0,0,0,10,0,0.0,3
5,2,1,778.05,816.9599999999999,0.0,0,0.0,0,0,0,0,10,0,0.0,2
5,2,7,2985.44,1740.02,1817.33,1,0.6087310413205422,1,0,2,1,10,1,293570.49,0
2,1,38,0.0,2612246.37,0.0,0,0.0,1,1,0,1,7,0,0.0,3
